<?xml version="1.0" encoding="UTF-8" standalone="yes"?>
<addon id="repository.furiousquasar" name="[COLOR hotpink]Furious[/COLOR] Quasar Repo" version="1.1.0" provider-name="FuriousMimi">
	<extension point="xbmc.addon.repository" name="Furious Quasar Repository">
       <info>https://raw.githubusercontent.com/abuisine/furious-quasar/master/addons/addons.xml</info>
       <checksum>https://raw.githubusercontent.com/abuisine/furious-quasar/master/addons/addons.xml.md5</checksum>
       <datadir zip="true">https://raw.githubusercontent.com/abuisine/furious-quasar/master/addons</datadir>
	</extension>
	<extension point="xbmc.addon.metadata">
		<summary lang="en">Install Quasar Providers</summary>
		<description lang="en">Download and install Quasar Providers</description>
		<disclaimer lang="en">The owners and submitters to this repository do not host or distribute any of the content displayed by these addons nor do they have any affiliation with the content providers.</disclaimer>
		<language></language>
		<platform>all</platform>
		<license>GNU GENERAL PUBLIC LICENSE. Version 3, June 2007</license>
		<forum></forum>
		<website></website>
		<email></email>
		<source></source>
	</extension>
</addon>